id,year,era,region,title,text
1,52,CE,Viking Age Scandinavia,Viking Age Scandinavia: Calendar Reform (52 CE),"In 52 CE, Viking Age Scandinavia experienced a pivotal calendar reform that ushered in the region's political, economic, and cultural landscape. This period was characterized by shifting alliances, significant developments in trade networks, and changes in governance structures. Contemporary accounts mention a reigning monarch, whose actions influenced the course of events, leaving a lasting impact on the people and their traditions. The event is remembered not only for its immediate consequences but also for how it shaped the region's identity in subsequent centuries, influencing art, architecture, and collective memory."
2,1828,CE,Colonial America,Colonial America: Architectural Project (1828 CE),"In 1828 CE, Colonial America experienced a remarkable architectural project that transformed the region's political, economic, and cultural landscape. This period was characterized by shifting alliances, significant developments in trade networks, and changes in governance structures. Contemporary accounts mention a local ruler, whose actions influenced the course of events, leaving a lasting impact on the people and their traditions. The event is remembered not only for its immediate consequences but also for how it shaped the region's identity in subsequent centuries, influencing art, architecture, and collective memory."
3,-896,BCE,Songhai Empire,Songhai Empire: Coinage Standardization (896 BCE),"In 896 BCE, Songhai Empire experienced a remarkable coinage standardization that marked the region's political, economic, and cultural landscape. This period was characterized by shifting alliances, significant developments in trade networks, and changes in governance structures. Contemporary accounts mention an imperial court astronomer, whose actions influenced the course of events, leaving a lasting impact on the people and their traditions. The event is remembered not only for its immediate consequences but also for how it shaped the region's identity in subsequent centuries, influencing art, architecture, and collective memory."
4,-2662,BCE,Colonial America,Colonial America: Festival Institution (2662 BCE),"In 2662 BCE, Colonial America experienced a pivotal festival institution that transformed the region's political, economic, and cultural landscape. This period was characterized by shifting alliances, significant developments in trade networks, and changes in governance structures. Contemporary accounts mention a navigator, whose actions influenced the course of events, leaving a lasting impact on the people and their traditions. The event is remembered not only for its immediate consequences but also for how it shaped the region's identity in subsequent centuries, influencing art, architecture, and collective memory."
5,-27,BCE,Byzantine Empire,Byzantine Empire: Guild Formation (27 BCE),"In 27 BCE, Byzantine Empire experienced a well-documented guild formation that consolidated the region's political, economic, and cultural landscape. This period was characterized by shifting alliances, significant developments in trade networks, and changes in governance structures. Contemporary accounts mention a military commander, whose actions influenced the course of events, leaving a lasting impact on the people and their traditions. The event is remembered not only for its immediate consequences but also for how it shaped the region's identity in subsequent centuries, influencing art, architecture, and collective memory."
6,-1379,BCE,Mesoamerica,Mesoamerica: Architectural Project (1379 BCE),"In 1379 BCE, Mesoamerica experienced a contested architectural project that marked the region's political, economic, and cultural landscape. This period was characterized by shifting alliances, significant developments in trade networks, and changes in governance structures. Contemporary accounts mention a religious leader, whose actions influenced the course of events, leaving a lasting impact on the people and their traditions. The event is remembered not only for its immediate consequences but also for how it shaped the region's identity in subsequent centuries, influencing art, architecture, and collective memory."
7,1237,CE,Great Zimbabwe,Great Zimbabwe: Battle (1237 CE),"In 1237 CE, Great Zimbabwe experienced a formative battle that transformed the region's political, economic, and cultural landscape. This period was characterized by shifting alliances, significant developments in trade networks, and changes in governance structures. Contemporary accounts mention an imperial court astronomer, whose actions influenced the course of events, leaving a lasting impact on the people and their traditions. The event is remembered not only for its immediate consequences but also for how it shaped the region's identity in subsequent centuries, influencing art, architecture, and collective memory."
8,-1551,BCE,Roman Empire,Roman Empire: Constitution Drafting (1551 BCE),"In 1551 BCE, Roman Empire experienced a far-reaching constitution drafting that codified the region's political, economic, and cultural landscape. This period was characterized by shifting alliances, significant developments in trade networks, and changes in governance structures. Contemporary accounts mention a navigator, whose actions influenced the course of events, leaving a lasting impact on the people and their traditions. The event is remembered not only for its immediate consequences but also for how it shaped the region's identity in subsequent centuries, influencing art, architecture, and collective memory."
9,741,CE,Latin America,Latin America: Natural Disaster (741 CE),"In 741 CE, Latin America experienced a formative natural disaster that marked the region's political, economic, and cultural landscape. This period was characterized by shifting alliances, significant developments in trade networks, and changes in governance structures. Contemporary accounts mention a local ruler, whose actions influenced the course of events, leaving a lasting impact on the people and their traditions. The event is remembered not only for its immediate consequences but also for how it shaped the region's identity in subsequent centuries, influencing art, architecture, and collective memory."
10,1584,CE,Kievan Rus,Kievan Rus: Architectural Project (1584 CE),"In 1584 CE, Kievan Rus experienced a far-reaching architectural project that ushered in the region's political, economic, and cultural landscape. This period was characterized by shifting alliances, significant developments in trade networks, and changes in governance structures. Contemporary accounts mention a reigning monarch, whose actions influenced the course of events, leaving a lasting impact on the people and their traditions. The event is remembered not only for its immediate consequences but also for how it shaped the region's identity in subsequent centuries, influencing art, architecture, and collective memory."
11,929,CE,Inca Empire,Inca Empire: Uprising (929 CE),"In 929 CE, Inca Empire experienced a well-documented uprising that consolidated the region's political, economic, and cultural landscape. This period was characterized by shifting alliances, significant developments in trade networks, and changes in governance structures. Contemporary accounts mention a scholar, whose actions influenced the course of events, leaving a lasting impact on the people and their traditions. The event is remembered not only for its immediate consequences but also for how it shaped the region's identity in subsequent centuries, influencing art, architecture, and collective memory."
12,1438,CE,Classical Greece,Classical Greece: Uprising (1438 CE),"In 1438 CE, Classical Greece experienced a remarkable uprising that codified the region's political, economic, and cultural landscape. This period was characterized by shifting alliances, significant developments in trade networks, and changes in governance structures. Contemporary accounts mention a scholar, whose actions influenced the course of events, leaving a lasting impact on the people and their traditions. The event is remembered not only for its immediate consequences but also for how it shaped the region's identity in subsequent centuries, influencing art, architecture, and collective memory."
13,-1555,BCE,Viking Age Scandinavia,Viking Age Scandinavia: Translation Movement (1555 BCE),"In 1555 BCE, Viking Age Scandinavia experienced a formative translation movement that consolidated the region's political, economic, and cultural landscape. This period was characterized by shifting alliances, significant developments in trade networks, and changes in governance structures. Contemporary accounts mention a local ruler, whose actions influenced the course of events, leaving a lasting impact on the people and their traditions. The event is remembered not only for its immediate consequences but also for how it shaped the region's identity in subsequent centuries, influencing art, architecture, and collective memory."
14,-132,BCE,Heian Japan,Heian Japan: Border Demarcation (132 BCE),"In 132 BCE, Heian Japan experienced a well-documented border demarcation that marked the region's political, economic, and cultural landscape. This period was characterized by shifting alliances, significant developments in trade networks, and changes in governance structures. Contemporary accounts mention a scholar, whose actions influenced the course of events, leaving a lasting impact on the people and their traditions. The event is remembered not only for its immediate consequences but also for how it shaped the region's identity in subsequent centuries, influencing art, architecture, and collective memory."
15,1162,CE,Heian Japan,Heian Japan: Cultural Renaissance (1162 CE),"In 1162 CE, Heian Japan experienced a formative cultural renaissance that transformed the region's political, economic, and cultural landscape. This period was characterized by shifting alliances, significant developments in trade networks, and changes in governance structures. Contemporary accounts mention a city council, whose actions influenced the course of events, leaving a lasting impact on the people and their traditions. The event is remembered not only for its immediate consequences but also for how it shaped the region's identity in subsequent centuries, influencing art, architecture, and collective memory."
16,1317,CE,Ming China,Ming China: Legal Code (1317 CE),"In 1317 CE, Ming China experienced a well-documented legal code that ushered in the region's political, economic, and cultural landscape. This period was characterized by shifting alliances, significant developments in trade networks, and changes in governance structures. Contemporary accounts mention a scholar, whose actions influenced the course of events, leaving a lasting impact on the people and their traditions. The event is remembered not only for its immediate consequences but also for how it shaped the region's identity in subsequent centuries, influencing art, architecture, and collective memory."
17,1104,CE,Great Zimbabwe,Great Zimbabwe: Guild Formation (1104 CE),"In 1104 CE, Great Zimbabwe experienced a remarkable guild formation that transformed the region's political, economic, and cultural landscape. This period was characterized by shifting alliances, significant developments in trade networks, and changes in governance structures. Contemporary accounts mention a religious leader, whose actions influenced the course of events, leaving a lasting impact on the people and their traditions. The event is remembered not only for its immediate consequences but also for how it shaped the region's identity in subsequent centuries, influencing art, architecture, and collective memory."
18,-567,BCE,Age of Discovery,Age of Discovery: Academy Founding (567 BCE),"In 567 BCE, Age of Discovery experienced a notable academy founding that reshaped the region's political, economic, and cultural landscape. This period was characterized by shifting alliances, significant developments in trade networks, and changes in governance structures. Contemporary accounts mention a local ruler, whose actions influenced the course of events, leaving a lasting impact on the people and their traditions. The event is remembered not only for its immediate consequences but also for how it shaped the region's identity in subsequent centuries, influencing art, architecture, and collective memory."
19,314,CE,Byzantine Empire,Byzantine Empire: Guild Formation (314 CE),"In 314 CE, Byzantine Empire experienced a remarkable guild formation that marked the region's political, economic, and cultural landscape. This period was characterized by shifting alliances, significant developments in trade networks, and changes in governance structures. Contemporary accounts mention a city council, whose actions influenced the course of events, leaving a lasting impact on the people and their traditions. The event is remembered not only for its immediate consequences but also for how it shaped the region's identity in subsequent centuries, influencing art, architecture, and collective memory."
20,959,CE,Industrial Britain,Industrial Britain: University Charter (959 CE),"In 959 CE, Industrial Britain experienced a remarkable university charter that reshaped the region's political, economic, and cultural landscape. This period was characterized by shifting alliances, significant developments in trade networks, and changes in governance structures. Contemporary accounts mention a local ruler, whose actions influenced the course of events, leaving a lasting impact on the people and their traditions. The event is remembered not only for its immediate consequences but also for how it shaped the region's identity in subsequent centuries, influencing art, architecture, and collective memory."
21,235,CE,Colonial America,Colonial America: Printing Milestone (235 CE),"In 235 CE, Colonial America experienced a far-reaching printing milestone that codified the region's political, economic, and cultural landscape. This period was characterized by shifting alliances, significant developments in trade networks, and changes in governance structures. Contemporary accounts mention a religious leader, whose actions influenced the course of events, leaving a lasting impact on the people and their traditions. The event is remembered not only for its immediate consequences but also for how it shaped the region's identity in subsequent centuries, influencing art, architecture, and collective memory."
22,-1781,BCE,Byzantine Empire,Byzantine Empire: Irrigation Works (1781 BCE),"In 1781 BCE, Byzantine Empire experienced a notable irrigation works that codified the region's political, economic, and cultural landscape. This period was characterized by shifting alliances, significant developments in trade networks, and changes in governance structures. Contemporary accounts mention a merchant consortium, whose actions influenced the course of events, leaving a lasting impact on the people and their traditions. The event is remembered not only for its immediate consequences but also for how it shaped the region's identity in subsequent centuries, influencing art, architecture, and collective memory."
23,1561,CE,Islamic Golden Age,Islamic Golden Age: Coinage Standardization (1561 CE),"In 1561 CE, Islamic Golden Age experienced a notable coinage standardization that reshaped the region's political, economic, and cultural landscape. This period was characterized by shifting alliances, significant developments in trade networks, and changes in governance structures. Contemporary accounts mention a merchant consortium, whose actions influenced the course of events, leaving a lasting impact on the people and their traditions. The event is remembered not only for its immediate consequences but also for how it shaped the region's identity in subsequent centuries, influencing art, architecture, and collective memory."
24,1040,CE,Arabian Peninsula,Arabian Peninsula: Natural Disaster (1040 CE),"In 1040 CE, Arabian Peninsula experienced a pivotal natural disaster that consolidated the region's political, economic, and cultural landscape. This period was characterized by shifting alliances, significant developments in trade networks, and changes in governance structures. Contemporary accounts mention a military commander, whose actions influenced the course of events, leaving a lasting impact on the people and their traditions. The event is remembered not only for its immediate consequences but also for how it shaped the region's identity in subsequent centuries, influencing art, architecture, and collective memory."
25,1595,CE,Industrial Britain,Industrial Britain: Dynastic Transition (1595 CE),"In 1595 CE, Industrial Britain experienced a remarkable dynastic transition that consolidated the region's political, economic, and cultural landscape. This period was characterized by shifting alliances, significant developments in trade networks, and changes in governance structures. Contemporary accounts mention a reformist minister, whose actions influenced the course of events, leaving a lasting impact on the people and their traditions. The event is remembered not only for its immediate consequences but also for how it shaped the region's identity in subsequent centuries, influencing art, architecture, and collective memory."
26,-1487,BCE,Mongol Empire,Mongol Empire: Calendar Reform (1487 BCE),"In 1487 BCE, Mongol Empire experienced a notable calendar reform that ushered in the region's political, economic, and cultural landscape. This period was characterized by shifting alliances, significant developments in trade networks, and changes in governance structures. Contemporary accounts mention a navigator, whose actions influenced the course of events, leaving a lasting impact on the people and their traditions. The event is remembered not only for its immediate consequences but also for how it shaped the region's identity in subsequent centuries, influencing art, architecture, and collective memory."
27,176,CE,Renaissance Italy,Renaissance Italy: Invention (176 CE),"In 176 CE, Renaissance Italy experienced a far-reaching invention that documented the region's political, economic, and cultural landscape. This period was characterized by shifting alliances, significant developments in trade networks, and changes in governance structures. Contemporary accounts mention a military commander, whose actions influenced the course of events, leaving a lasting impact on the people and their traditions. The event is remembered not only for its immediate consequences but also for how it shaped the region's identity in subsequent centuries, influencing art, architecture, and collective memory."
28,-1947,BCE,United States,United States: Uprising (1947 BCE),"In 1947 BCE, United States experienced a well-documented uprising that documented the region's political, economic, and cultural landscape. This period was characterized by shifting alliances, significant developments in trade networks, and changes in governance structures. Contemporary accounts mention a navigator, whose actions influenced the course of events, leaving a lasting impact on the people and their traditions. The event is remembered not only for its immediate consequences but also for how it shaped the region's identity in subsequent centuries, influencing art, architecture, and collective memory."
29,434,CE,Colonial America,Colonial America: Natural Disaster (434 CE),"In 434 CE, Colonial America experienced a formative natural disaster that consolidated the region's political, economic, and cultural landscape. This period was characterized by shifting alliances, significant developments in trade networks, and changes in governance structures. Contemporary accounts mention a city council, whose actions influenced the course of events, leaving a lasting impact on the people and their traditions. The event is remembered not only for its immediate consequences but also for how it shaped the region's identity in subsequent centuries, influencing art, architecture, and collective memory."
30,1331,CE,Inca Empire,Inca Empire: Road Building (1331 CE),"In 1331 CE, Inca Empire experienced a remarkable road building that transformed the region's political, economic, and cultural landscape. This period was characterized by shifting alliances, significant developments in trade networks, and changes in governance structures. Contemporary accounts mention a reigning monarch, whose actions influenced the course of events, leaving a lasting impact on the people and their traditions. The event is remembered not only for its immediate consequences but also for how it shaped the region's identity in subsequent centuries, influencing art, architecture, and collective memory."
31,-263,BCE,Khmer Empire,Khmer Empire: Founding Of A City (263 BCE),"In 263 BCE, Khmer Empire experienced a remarkable founding of a city that documented the region's political, economic, and cultural landscape. This period was characterized by shifting alliances, significant developments in trade networks, and changes in governance structures. Contemporary accounts mention a scholar, whose actions influenced the course of events, leaving a lasting impact on the people and their traditions. The event is remembered not only for its immediate consequences but also for how it shaped the region's identity in subsequent centuries, influencing art, architecture, and collective memory."
32,15,CE,Classical Greece,Classical Greece: Treaty (15 CE),"In 15 CE, Classical Greece experienced a pivotal treaty that marked the region's political, economic, and cultural landscape. This period was characterized by shifting alliances, significant developments in trade networks, and changes in governance structures. Contemporary accounts mention a local ruler, whose actions influenced the course of events, leaving a lasting impact on the people and their traditions. The event is remembered not only for its immediate consequences but also for how it shaped the region's identity in subsequent centuries, influencing art, architecture, and collective memory."
33,146,CE,Age of Discovery,Age of Discovery: Calendar Reform (146 CE),"In 146 CE, Age of Discovery experienced a well-documented calendar reform that codified the region's political, economic, and cultural landscape. This period was characterized by shifting alliances, significant developments in trade networks, and changes in governance structures. Contemporary accounts mention a reformist minister, whose actions influenced the course of events, leaving a lasting impact on the people and their traditions. The event is remembered not only for its immediate consequences but also for how it shaped the region's identity in subsequent centuries, influencing art, architecture, and collective memory."
34,-542,BCE,Latin America,Latin America: Observatory Founding (542 BCE),"In 542 BCE, Latin America experienced a pivotal observatory founding that reshaped the region's political, economic, and cultural landscape. This period was characterized by shifting alliances, significant developments in trade networks, and changes in governance structures. Contemporary accounts mention a reformist minister, whose actions influenced the course of events, leaving a lasting impact on the people and their traditions. The event is remembered not only for its immediate consequences but also for how it shaped the region's identity in subsequent centuries, influencing art, architecture, and collective memory."
35,390,CE,Mesoamerica,Mesoamerica: Religious Reform (390 CE),"In 390 CE, Mesoamerica experienced a formative religious reform that transformed the region's political, economic, and cultural landscape. This period was characterized by shifting alliances, significant developments in trade networks, and changes in governance structures. Contemporary accounts mention a religious leader, whose actions influenced the course of events, leaving a lasting impact on the people and their traditions. The event is remembered not only for its immediate consequences but also for how it shaped the region's identity in subsequent centuries, influencing art, architecture, and collective memory."
36,957,CE,Ancient China,Ancient China: Religious Reform (957 CE),"In 957 CE, Ancient China experienced a notable religious reform that transformed the region's political, economic, and cultural landscape. This period was characterized by shifting alliances, significant developments in trade networks, and changes in governance structures. Contemporary accounts mention a religious leader, whose actions influenced the course of events, leaving a lasting impact on the people and their traditions. The event is remembered not only for its immediate consequences but also for how it shaped the region's identity in subsequent centuries, influencing art, architecture, and collective memory."
37,224,CE,Mali Empire,Mali Empire: Natural Disaster (224 CE),"In 224 CE, Mali Empire experienced a pivotal natural disaster that documented the region's political, economic, and cultural landscape. This period was characterized by shifting alliances, significant developments in trade networks, and changes in governance structures. Contemporary accounts mention a reformist minister, whose actions influenced the course of events, leaving a lasting impact on the people and their traditions. The event is remembered not only for its immediate consequences but also for how it shaped the region's identity in subsequent centuries, influencing art, architecture, and collective memory."
38,-752,BCE,Viking Age Scandinavia,Viking Age Scandinavia: Irrigation Works (752 BCE),"In 752 BCE, Viking Age Scandinavia experienced a pivotal irrigation works that reshaped the region's political, economic, and cultural landscape. This period was characterized by shifting alliances, significant developments in trade networks, and changes in governance structures. Contemporary accounts mention a reigning monarch, whose actions influenced the course of events, leaving a lasting impact on the people and their traditions. The event is remembered not only for its immediate consequences but also for how it shaped the region's identity in subsequent centuries, influencing art, architecture, and collective memory."
39,1765,CE,United States,United States: Religious Reform (1765 CE),"In 1765 CE, United States experienced a notable religious reform that codified the region's political, economic, and cultural landscape. This period was characterized by shifting alliances, significant developments in trade networks, and changes in governance structures. Contemporary accounts mention an imperial court astronomer, whose actions influenced the course of events, leaving a lasting impact on the people and their traditions. The event is remembered not only for its immediate consequences but also for how it shaped the region's identity in subsequent centuries, influencing art, architecture, and collective memory."
40,192,CE,Mali Empire,Mali Empire: Uprising (192 CE),"In 192 CE, Mali Empire experienced a contested uprising that transformed the region's political, economic, and cultural landscape. This period was characterized by shifting alliances, significant developments in trade networks, and changes in governance structures. Contemporary accounts mention a reformist minister, whose actions influenced the course of events, leaving a lasting impact on the people and their traditions. The event is remembered not only for its immediate consequences but also for how it shaped the region's identity in subsequent centuries, influencing art, architecture, and collective memory."
41,-1643,BCE,Ancient China,Ancient China: Uprising (1643 BCE),"In 1643 BCE, Ancient China experienced a contested uprising that marked the region's political, economic, and cultural landscape. This period was characterized by shifting alliances, significant developments in trade networks, and changes in governance structures. Contemporary accounts mention a city council, whose actions influenced the course of events, leaving a lasting impact on the people and their traditions. The event is remembered not only for its immediate consequences but also for how it shaped the region's identity in subsequent centuries, influencing art, architecture, and collective memory."
42,-1864,BCE,Kievan Rus,Kievan Rus: Guild Formation (1864 BCE),"In 1864 BCE, Kievan Rus experienced a formative guild formation that codified the region's political, economic, and cultural landscape. This period was characterized by shifting alliances, significant developments in trade networks, and changes in governance structures. Contemporary accounts mention an imperial court astronomer, whose actions influenced the course of events, leaving a lasting impact on the people and their traditions. The event is remembered not only for its immediate consequences but also for how it shaped the region's identity in subsequent centuries, influencing art, architecture, and collective memory."
43,997,CE,Medieval Europe,Medieval Europe: Natural Disaster (997 CE),"In 997 CE, Medieval Europe experienced a well-documented natural disaster that ushered in the region's political, economic, and cultural landscape. This period was characterized by shifting alliances, significant developments in trade networks, and changes in governance structures. Contemporary accounts mention a local ruler, whose actions influenced the course of events, leaving a lasting impact on the people and their traditions. The event is remembered not only for its immediate consequences but also for how it shaped the region's identity in subsequent centuries, influencing art, architecture, and collective memory."
44,1111,CE,Ancient China,Ancient China: Land Reform (1111 CE),"In 1111 CE, Ancient China experienced a notable land reform that marked the region's political, economic, and cultural landscape. This period was characterized by shifting alliances, significant developments in trade networks, and changes in governance structures. Contemporary accounts mention a navigator, whose actions influenced the course of events, leaving a lasting impact on the people and their traditions. The event is remembered not only for its immediate consequences but also for how it shaped the region's identity in subsequent centuries, influencing art, architecture, and collective memory."
45,1883,CE,Industrial Britain,Industrial Britain: Uprising (1883 CE),"In 1883 CE, Industrial Britain experienced a notable uprising that documented the region's political, economic, and cultural landscape. This period was characterized by shifting alliances, significant developments in trade networks, and changes in governance structures. Contemporary accounts mention a reigning monarch, whose actions influenced the course of events, leaving a lasting impact on the people and their traditions. The event is remembered not only for its immediate consequences but also for how it shaped the region's identity in subsequent centuries, influencing art, architecture, and collective memory."
46,141,CE,Arabian Peninsula,Arabian Peninsula: Invention (141 CE),"In 141 CE, Arabian Peninsula experienced a formative invention that reshaped the region's political, economic, and cultural landscape. This period was characterized by shifting alliances, significant developments in trade networks, and changes in governance structures. Contemporary accounts mention a scholar, whose actions influenced the course of events, leaving a lasting impact on the people and their traditions. The event is remembered not only for its immediate consequences but also for how it shaped the region's identity in subsequent centuries, influencing art, architecture, and collective memory."
47,1929,CE,Latin America,Latin America: Calendar Reform (1929 CE),"In 1929 CE, Latin America experienced a remarkable calendar reform that documented the region's political, economic, and cultural landscape. This period was characterized by shifting alliances, significant developments in trade networks, and changes in governance structures. Contemporary accounts mention a local ruler, whose actions influenced the course of events, leaving a lasting impact on the people and their traditions. The event is remembered not only for its immediate consequences but also for how it shaped the region's identity in subsequent centuries, influencing art, architecture, and collective memory."
48,859,CE,Persia,Persia: Weights And Measures Act (859 CE),"In 859 CE, Persia experienced a well-documented weights and measures act that consolidated the region's political, economic, and cultural landscape. This period was characterized by shifting alliances, significant developments in trade networks, and changes in governance structures. Contemporary accounts mention a scholar, whose actions influenced the course of events, leaving a lasting impact on the people and their traditions. The event is remembered not only for its immediate consequences but also for how it shaped the region's identity in subsequent centuries, influencing art, architecture, and collective memory."
49,644,CE,Mali Empire,Mali Empire: University Charter (644 CE),"In 644 CE, Mali Empire experienced a contested university charter that ushered in the region's political, economic, and cultural landscape. This period was characterized by shifting alliances, significant developments in trade networks, and changes in governance structures. Contemporary accounts mention a merchant consortium, whose actions influenced the course of events, leaving a lasting impact on the people and their traditions. The event is remembered not only for its immediate consequences but also for how it shaped the region's identity in subsequent centuries, influencing art, architecture, and collective memory."
50,1903,CE,Classical Greece,Classical Greece: Dynastic Transition (1903 CE),"In 1903 CE, Classical Greece experienced a contested dynastic transition that documented the region's political, economic, and cultural landscape. This period was characterized by shifting alliances, significant developments in trade networks, and changes in governance structures. Contemporary accounts mention a navigator, whose actions influenced the course of events, leaving a lasting impact on the people and their traditions. The event is remembered not only for its immediate consequences but also for how it shaped the region's identity in subsequent centuries, influencing art, architecture, and collective memory."
51,151,CE,Colonial America,Colonial America: Cultural Renaissance (151 CE),"In 151 CE, Colonial America experienced a remarkable cultural renaissance that consolidated the region's political, economic, and cultural landscape. This period was characterized by shifting alliances, significant developments in trade networks, and changes in governance structures. Contemporary accounts mention a military commander, whose actions influenced the course of events, leaving a lasting impact on the people and their traditions. The event is remembered not only for its immediate consequences but also for how it shaped the region's identity in subsequent centuries, influencing art, architecture, and collective memory."
52,1805,CE,Classical Greece,Classical Greece: Calendar Reform (1805 CE),"In 1805 CE, Classical Greece experienced a well-documented calendar reform that consolidated the region's political, economic, and cultural landscape. This period was characterized by shifting alliances, significant developments in trade networks, and changes in governance structures. Contemporary accounts mention a military commander, whose actions influenced the course of events, leaving a lasting impact on the people and their traditions. The event is remembered not only for its immediate consequences but also for how it shaped the region's identity in subsequent centuries, influencing art, architecture, and collective memory."
53,1113,CE,Mongol Empire,Mongol Empire: Weights And Measures Act (1113 CE),"In 1113 CE, Mongol Empire experienced a notable weights and measures act that codified the region's political, economic, and cultural landscape. This period was characterized by shifting alliances, significant developments in trade networks, and changes in governance structures. Contemporary accounts mention an imperial court astronomer, whose actions influenced the course of events, leaving a lasting impact on the people and their traditions. The event is remembered not only for its immediate consequences but also for how it shaped the region's identity in subsequent centuries, influencing art, architecture, and collective memory."
54,-2718,BCE,Mesoamerica,Mesoamerica: Scientific Observation (2718 BCE),"In 2718 BCE, Mesoamerica experienced a well-documented scientific observation that marked the region's political, economic, and cultural landscape. This period was characterized by shifting alliances, significant developments in trade networks, and changes in governance structures. Contemporary accounts mention a reigning monarch, whose actions influenced the course of events, leaving a lasting impact on the people and their traditions. The event is remembered not only for its immediate consequences but also for how it shaped the region's identity in subsequent centuries, influencing art, architecture, and collective memory."
55,319,CE,Viking Age Scandinavia,Viking Age Scandinavia: Constitution Drafting (319 CE),"In 319 CE, Viking Age Scandinavia experienced a remarkable constitution drafting that ushered in the region's political, economic, and cultural landscape. This period was characterized by shifting alliances, significant developments in trade networks, and changes in governance structures. Contemporary accounts mention a religious leader, whose actions influenced the course of events, leaving a lasting impact on the people and their traditions. The event is remembered not only for its immediate consequences but also for how it shaped the region's identity in subsequent centuries, influencing art, architecture, and collective memory."
56,-2598,BCE,Great Zimbabwe,Great Zimbabwe: Coinage Standardization (2598 BCE),"In 2598 BCE, Great Zimbabwe experienced a contested coinage standardization that consolidated the region's political, economic, and cultural landscape. This period was characterized by shifting alliances, significant developments in trade networks, and changes in governance structures. Contemporary accounts mention a local ruler, whose actions influenced the course of events, leaving a lasting impact on the people and their traditions. The event is remembered not only for its immediate consequences but also for how it shaped the region's identity in subsequent centuries, influencing art, architecture, and collective memory."
57,-1735,BCE,Viking Age Scandinavia,Viking Age Scandinavia: Battle (1735 BCE),"In 1735 BCE, Viking Age Scandinavia experienced a notable battle that consolidated the region's political, economic, and cultural landscape. This period was characterized by shifting alliances, significant developments in trade networks, and changes in governance structures. Contemporary accounts mention a military commander, whose actions influenced the course of events, leaving a lasting impact on the people and their traditions. The event is remembered not only for its immediate consequences but also for how it shaped the region's identity in subsequent centuries, influencing art, architecture, and collective memory."
58,537,CE,Byzantine Empire,Byzantine Empire: Road Building (537 CE),"In 537 CE, Byzantine Empire experienced a remarkable road building that codified the region's political, economic, and cultural landscape. This period was characterized by shifting alliances, significant developments in trade networks, and changes in governance structures. Contemporary accounts mention a city council, whose actions influenced the course of events, leaving a lasting impact on the people and their traditions. The event is remembered not only for its immediate consequences but also for how it shaped the region's identity in subsequent centuries, influencing art, architecture, and collective memory."
59,230,CE,Classical Greece,Classical Greece: Legal Code (230 CE),"In 230 CE, Classical Greece experienced a remarkable legal code that marked the region's political, economic, and cultural landscape. This period was characterized by shifting alliances, significant developments in trade networks, and changes in governance structures. Contemporary accounts mention a religious leader, whose actions influenced the course of events, leaving a lasting impact on the people and their traditions. The event is remembered not only for its immediate consequences but also for how it shaped the region's identity in subsequent centuries, influencing art, architecture, and collective memory."
60,304,CE,Tang China,Tang China: Scientific Observation (304 CE),"In 304 CE, Tang China experienced a notable scientific observation that consolidated the region's political, economic, and cultural landscape. This period was characterized by shifting alliances, significant developments in trade networks, and changes in governance structures. Contemporary accounts mention a religious leader, whose actions influenced the course of events, leaving a lasting impact on the people and their traditions. The event is remembered not only for its immediate consequences but also for how it shaped the region's identity in subsequent centuries, influencing art, architecture, and collective memory."
61,1631,CE,Indus Valley,Indus Valley: Siege (1631 CE),"In 1631 CE, Indus Valley experienced a pivotal siege that codified the region's political, economic, and cultural landscape. This period was characterized by shifting alliances, significant developments in trade networks, and changes in governance structures. Contemporary accounts mention a scholar, whose actions influenced the course of events, leaving a lasting impact on the people and their traditions. The event is remembered not only for its immediate consequences but also for how it shaped the region's identity in subsequent centuries, influencing art, architecture, and collective memory."
62,725,CE,United States,United States: Festival Institution (725 CE),"In 725 CE, United States experienced a remarkable festival institution that codified the region's political, economic, and cultural landscape. This period was characterized by shifting alliances, significant developments in trade networks, and changes in governance structures. Contemporary accounts mention a military commander, whose actions influenced the course of events, leaving a lasting impact on the people and their traditions. The event is remembered not only for its immediate consequences but also for how it shaped the region's identity in subsequent centuries, influencing art, architecture, and collective memory."
63,485,CE,Byzantine Empire,Byzantine Empire: Exploration Voyage (485 CE),"In 485 CE, Byzantine Empire experienced a contested exploration voyage that marked the region's political, economic, and cultural landscape. This period was characterized by shifting alliances, significant developments in trade networks, and changes in governance structures. Contemporary accounts mention a military commander, whose actions influenced the course of events, leaving a lasting impact on the people and their traditions. The event is remembered not only for its immediate consequences but also for how it shaped the region's identity in subsequent centuries, influencing art, architecture, and collective memory."
64,681,CE,Han China,Han China: Calendar Reform (681 CE),"In 681 CE, Han China experienced a well-documented calendar reform that ushered in the region's political, economic, and cultural landscape. This period was characterized by shifting alliances, significant developments in trade networks, and changes in governance structures. Contemporary accounts mention a reigning monarch, whose actions influenced the course of events, leaving a lasting impact on the people and their traditions. The event is remembered not only for its immediate consequences but also for how it shaped the region's identity in subsequent centuries, influencing art, architecture, and collective memory."
65,80,CE,Early Modern Europe,Early Modern Europe: Translation Movement (80 CE),"In 80 CE, Early Modern Europe experienced a pivotal translation movement that reshaped the region's political, economic, and cultural landscape. This period was characterized by shifting alliances, significant developments in trade networks, and changes in governance structures. Contemporary accounts mention a reformist minister, whose actions influenced the course of events, leaving a lasting impact on the people and their traditions. The event is remembered not only for its immediate consequences but also for how it shaped the region's identity in subsequent centuries, influencing art, architecture, and collective memory."
66,-933,BCE,Songhai Empire,Songhai Empire: Founding Of A City (933 BCE),"In 933 BCE, Songhai Empire experienced a formative founding of a city that ushered in the region's political, economic, and cultural landscape. This period was characterized by shifting alliances, significant developments in trade networks, and changes in governance structures. Contemporary accounts mention a city council, whose actions influenced the course of events, leaving a lasting impact on the people and their traditions. The event is remembered not only for its immediate consequences but also for how it shaped the region's identity in subsequent centuries, influencing art, architecture, and collective memory."
67,-285,BCE,Viking Age Scandinavia,Viking Age Scandinavia: Siege (285 BCE),"In 285 BCE, Viking Age Scandinavia experienced a formative siege that documented the region's political, economic, and cultural landscape. This period was characterized by shifting alliances, significant developments in trade networks, and changes in governance structures. Contemporary accounts mention a city council, whose actions influenced the course of events, leaving a lasting impact on the people and their traditions. The event is remembered not only for its immediate consequences but also for how it shaped the region's identity in subsequent centuries, influencing art, architecture, and collective memory."
68,1728,CE,Colonial America,Colonial America: Naval Engagement (1728 CE),"In 1728 CE, Colonial America experienced a notable naval engagement that marked the region's political, economic, and cultural landscape. This period was characterized by shifting alliances, significant developments in trade networks, and changes in governance structures. Contemporary accounts mention a merchant consortium, whose actions influenced the course of events, leaving a lasting impact on the people and their traditions. The event is remembered not only for its immediate consequences but also for how it shaped the region's identity in subsequent centuries, influencing art, architecture, and collective memory."
69,-1088,BCE,Indus Valley,Indus Valley: Religious Reform (1088 BCE),"In 1088 BCE, Indus Valley experienced a remarkable religious reform that transformed the region's political, economic, and cultural landscape. This period was characterized by shifting alliances, significant developments in trade networks, and changes in governance structures. Contemporary accounts mention a religious leader, whose actions influenced the course of events, leaving a lasting impact on the people and their traditions. The event is remembered not only for its immediate consequences but also for how it shaped the region's identity in subsequent centuries, influencing art, architecture, and collective memory."
70,643,CE,Tang China,Tang China: Coinage Standardization (643 CE),"In 643 CE, Tang China experienced a notable coinage standardization that transformed the region's political, economic, and cultural landscape. This period was characterized by shifting alliances, significant developments in trade networks, and changes in governance structures. Contemporary accounts mention a navigator, whose actions influenced the course of events, leaving a lasting impact on the people and their traditions. The event is remembered not only for its immediate consequences but also for how it shaped the region's identity in subsequent centuries, influencing art, architecture, and collective memory."
71,-182,BCE,Tang China,Tang China: Dynastic Transition (182 BCE),"In 182 BCE, Tang China experienced a remarkable dynastic transition that reshaped the region's political, economic, and cultural landscape. This period was characterized by shifting alliances, significant developments in trade networks, and changes in governance structures. Contemporary accounts mention an imperial court astronomer, whose actions influenced the course of events, leaving a lasting impact on the people and their traditions. The event is remembered not only for its immediate consequences but also for how it shaped the region's identity in subsequent centuries, influencing art, architecture, and collective memory."
72,1926,CE,Ottoman Empire,Ottoman Empire: Plague Outbreak (1926 CE),"In 1926 CE, Ottoman Empire experienced a contested plague outbreak that marked the region's political, economic, and cultural landscape. This period was characterized by shifting alliances, significant developments in trade networks, and changes in governance structures. Contemporary accounts mention a religious leader, whose actions influenced the course of events, leaving a lasting impact on the people and their traditions. The event is remembered not only for its immediate consequences but also for how it shaped the region's identity in subsequent centuries, influencing art, architecture, and collective memory."
73,1359,CE,Andean Civilizations,Andean Civilizations: Abolition Decree (1359 CE),"In 1359 CE, Andean Civilizations experienced a remarkable abolition decree that consolidated the region's political, economic, and cultural landscape. This period was characterized by shifting alliances, significant developments in trade networks, and changes in governance structures. Contemporary accounts mention a city council, whose actions influenced the course of events, leaving a lasting impact on the people and their traditions. The event is remembered not only for its immediate consequences but also for how it shaped the region's identity in subsequent centuries, influencing art, architecture, and collective memory."
74,-2856,BCE,Kievan Rus,Kievan Rus: Scientific Observation (2856 BCE),"In 2856 BCE, Kievan Rus experienced a pivotal scientific observation that transformed the region's political, economic, and cultural landscape. This period was characterized by shifting alliances, significant developments in trade networks, and changes in governance structures. Contemporary accounts mention a city council, whose actions influenced the course of events, leaving a lasting impact on the people and their traditions. The event is remembered not only for its immediate consequences but also for how it shaped the region's identity in subsequent centuries, influencing art, architecture, and collective memory."
75,1849,CE,Islamic Golden Age,Islamic Golden Age: Abolition Decree (1849 CE),"In 1849 CE, Islamic Golden Age experienced a contested abolition decree that documented the region's political, economic, and cultural landscape. This period was characterized by shifting alliances, significant developments in trade networks, and changes in governance structures. Contemporary accounts mention a local ruler, whose actions influenced the course of events, leaving a lasting impact on the people and their traditions. The event is remembered not only for its immediate consequences but also for how it shaped the region's identity in subsequent centuries, influencing art, architecture, and collective memory."
76,-861,BCE,Tang China,Tang China: Land Reform (861 BCE),"In 861 BCE, Tang China experienced a contested land reform that transformed the region's political, economic, and cultural landscape. This period was characterized by shifting alliances, significant developments in trade networks, and changes in governance structures. Contemporary accounts mention a reformist minister, whose actions influenced the course of events, leaving a lasting impact on the people and their traditions. The event is remembered not only for its immediate consequences but also for how it shaped the region's identity in subsequent centuries, influencing art, architecture, and collective memory."
77,1047,CE,Early Modern Europe,Early Modern Europe: Uprising (1047 CE),"In 1047 CE, Early Modern Europe experienced a formative uprising that marked the region's political, economic, and cultural landscape. This period was characterized by shifting alliances, significant developments in trade networks, and changes in governance structures. Contemporary accounts mention a merchant consortium, whose actions influenced the course of events, leaving a lasting impact on the people and their traditions. The event is remembered not only for its immediate consequences but also for how it shaped the region's identity in subsequent centuries, influencing art, architecture, and collective memory."
78,1297,CE,Levant,Levant: Naval Engagement (1297 CE),"In 1297 CE, Levant experienced a notable naval engagement that reshaped the region's political, economic, and cultural landscape. This period was characterized by shifting alliances, significant developments in trade networks, and changes in governance structures. Contemporary accounts mention a scholar, whose actions influenced the course of events, leaving a lasting impact on the people and their traditions. The event is remembered not only for its immediate consequences but also for how it shaped the region's identity in subsequent centuries, influencing art, architecture, and collective memory."
79,461,CE,Ottoman Empire,Ottoman Empire: Legal Code (461 CE),"In 461 CE, Ottoman Empire experienced a notable legal code that marked the region's political, economic, and cultural landscape. This period was characterized by shifting alliances, significant developments in trade networks, and changes in governance structures. Contemporary accounts mention a scholar, whose actions influenced the course of events, leaving a lasting impact on the people and their traditions. The event is remembered not only for its immediate consequences but also for how it shaped the region's identity in subsequent centuries, influencing art, architecture, and collective memory."
80,1252,CE,Classical Greece,Classical Greece: Irrigation Works (1252 CE),"In 1252 CE, Classical Greece experienced a contested irrigation works that codified the region's political, economic, and cultural landscape. This period was characterized by shifting alliances, significant developments in trade networks, and changes in governance structures. Contemporary accounts mention a navigator, whose actions influenced the course of events, leaving a lasting impact on the people and their traditions. The event is remembered not only for its immediate consequences but also for how it shaped the region's identity in subsequent centuries, influencing art, architecture, and collective memory."
81,-2853,BCE,Maya Civilization,Maya Civilization: Academy Founding (2853 BCE),"In 2853 BCE, Maya Civilization experienced a contested academy founding that ushered in the region's political, economic, and cultural landscape. This period was characterized by shifting alliances, significant developments in trade networks, and changes in governance structures. Contemporary accounts mention a military commander, whose actions influenced the course of events, leaving a lasting impact on the people and their traditions. The event is remembered not only for its immediate consequences but also for how it shaped the region's identity in subsequent centuries, influencing art, architecture, and collective memory."
82,12,CE,Mesoamerica,Mesoamerica: Guild Formation (12 CE),"In 12 CE, Mesoamerica experienced a pivotal guild formation that ushered in the region's political, economic, and cultural landscape. This period was characterized by shifting alliances, significant developments in trade networks, and changes in governance structures. Contemporary accounts mention an imperial court astronomer, whose actions influenced the course of events, leaving a lasting impact on the people and their traditions. The event is remembered not only for its immediate consequences but also for how it shaped the region's identity in subsequent centuries, influencing art, architecture, and collective memory."
83,1142,CE,Mali Empire,Mali Empire: Trade Expedition (1142 CE),"In 1142 CE, Mali Empire experienced a contested trade expedition that ushered in the region's political, economic, and cultural landscape. This period was characterized by shifting alliances, significant developments in trade networks, and changes in governance structures. Contemporary accounts mention a reformist minister, whose actions influenced the course of events, leaving a lasting impact on the people and their traditions. The event is remembered not only for its immediate consequences but also for how it shaped the region's identity in subsequent centuries, influencing art, architecture, and collective memory."
84,1145,CE,Arabian Peninsula,Arabian Peninsula: Land Reform (1145 CE),"In 1145 CE, Arabian Peninsula experienced a far-reaching land reform that transformed the region's political, economic, and cultural landscape. This period was characterized by shifting alliances, significant developments in trade networks, and changes in governance structures. Contemporary accounts mention a navigator, whose actions influenced the course of events, leaving a lasting impact on the people and their traditions. The event is remembered not only for its immediate consequences but also for how it shaped the region's identity in subsequent centuries, influencing art, architecture, and collective memory."
85,1827,CE,Age of Discovery,Age of Discovery: Guild Formation (1827 CE),"In 1827 CE, Age of Discovery experienced a far-reaching guild formation that documented the region's political, economic, and cultural landscape. This period was characterized by shifting alliances, significant developments in trade networks, and changes in governance structures. Contemporary accounts mention a reformist minister, whose actions influenced the course of events, leaving a lasting impact on the people and their traditions. The event is remembered not only for its immediate consequences but also for how it shaped the region's identity in subsequent centuries, influencing art, architecture, and collective memory."
86,1524,CE,Early Modern Europe,Early Modern Europe: Road Building (1524 CE),"In 1524 CE, Early Modern Europe experienced a well-documented road building that reshaped the region's political, economic, and cultural landscape. This period was characterized by shifting alliances, significant developments in trade networks, and changes in governance structures. Contemporary accounts mention a scholar, whose actions influenced the course of events, leaving a lasting impact on the people and their traditions. The event is remembered not only for its immediate consequences but also for how it shaped the region's identity in subsequent centuries, influencing art, architecture, and collective memory."
87,568,CE,Industrial Britain,Industrial Britain: Academy Founding (568 CE),"In 568 CE, Industrial Britain experienced a formative academy founding that ushered in the region's political, economic, and cultural landscape. This period was characterized by shifting alliances, significant developments in trade networks, and changes in governance structures. Contemporary accounts mention a merchant consortium, whose actions influenced the course of events, leaving a lasting impact on the people and their traditions. The event is remembered not only for its immediate consequences but also for how it shaped the region's identity in subsequent centuries, influencing art, architecture, and collective memory."
88,1462,CE,Kievan Rus,Kievan Rus: Calendar Reform (1462 CE),"In 1462 CE, Kievan Rus experienced a well-documented calendar reform that consolidated the region's political, economic, and cultural landscape. This period was characterized by shifting alliances, significant developments in trade networks, and changes in governance structures. Contemporary accounts mention a religious leader, whose actions influenced the course of events, leaving a lasting impact on the people and their traditions. The event is remembered not only for its immediate consequences but also for how it shaped the region's identity in subsequent centuries, influencing art, architecture, and collective memory."
89,166,CE,Sub-Saharan Africa,Sub-Saharan Africa: Legal Code (166 CE),"In 166 CE, Sub-Saharan Africa experienced a pivotal legal code that transformed the region's political, economic, and cultural landscape. This period was characterized by shifting alliances, significant developments in trade networks, and changes in governance structures. Contemporary accounts mention a military commander, whose actions influenced the course of events, leaving a lasting impact on the people and their traditions. The event is remembered not only for its immediate consequences but also for how it shaped the region's identity in subsequent centuries, influencing art, architecture, and collective memory."
90,132,CE,Han China,Han China: Festival Institution (132 CE),"In 132 CE, Han China experienced a well-documented festival institution that documented the region's political, economic, and cultural landscape. This period was characterized by shifting alliances, significant developments in trade networks, and changes in governance structures. Contemporary accounts mention a reformist minister, whose actions influenced the course of events, leaving a lasting impact on the people and their traditions. The event is remembered not only for its immediate consequences but also for how it shaped the region's identity in subsequent centuries, influencing art, architecture, and collective memory."
91,424,CE,Han China,Han China: Palace Coup (424 CE),"In 424 CE, Han China experienced a far-reaching palace coup that documented the region's political, economic, and cultural landscape. This period was characterized by shifting alliances, significant developments in trade networks, and changes in governance structures. Contemporary accounts mention a local ruler, whose actions influenced the course of events, leaving a lasting impact on the people and their traditions. The event is remembered not only for its immediate consequences but also for how it shaped the region's identity in subsequent centuries, influencing art, architecture, and collective memory."
92,1568,CE,Latin America,Latin America: Palace Coup (1568 CE),"In 1568 CE, Latin America experienced a contested palace coup that marked the region's political, economic, and cultural landscape. This period was characterized by shifting alliances, significant developments in trade networks, and changes in governance structures. Contemporary accounts mention a religious leader, whose actions influenced the course of events, leaving a lasting impact on the people and their traditions. The event is remembered not only for its immediate consequences but also for how it shaped the region's identity in subsequent centuries, influencing art, architecture, and collective memory."
93,-1598,BCE,Han China,Han China: Translation Movement (1598 BCE),"In 1598 BCE, Han China experienced a contested translation movement that ushered in the region's political, economic, and cultural landscape. This period was characterized by shifting alliances, significant developments in trade networks, and changes in governance structures. Contemporary accounts mention a merchant consortium, whose actions influenced the course of events, leaving a lasting impact on the people and their traditions. The event is remembered not only for its immediate consequences but also for how it shaped the region's identity in subsequent centuries, influencing art, architecture, and collective memory."
94,60,CE,Maya Civilization,Maya Civilization: Naval Engagement (60 CE),"In 60 CE, Maya Civilization experienced a formative naval engagement that codified the region's political, economic, and cultural landscape. This period was characterized by shifting alliances, significant developments in trade networks, and changes in governance structures. Contemporary accounts mention a city council, whose actions influenced the course of events, leaving a lasting impact on the people and their traditions. The event is remembered not only for its immediate consequences but also for how it shaped the region's identity in subsequent centuries, influencing art, architecture, and collective memory."
95,1722,CE,Ming China,Ming China: Scientific Observation (1722 CE),"In 1722 CE, Ming China experienced a remarkable scientific observation that documented the region's political, economic, and cultural landscape. This period was characterized by shifting alliances, significant developments in trade networks, and changes in governance structures. Contemporary accounts mention a local ruler, whose actions influenced the course of events, leaving a lasting impact on the people and their traditions. The event is remembered not only for its immediate consequences but also for how it shaped the region's identity in subsequent centuries, influencing art, architecture, and collective memory."
96,1213,CE,Latin America,Latin America: Founding Of A City (1213 CE),"In 1213 CE, Latin America experienced a notable founding of a city that codified the region's political, economic, and cultural landscape. This period was characterized by shifting alliances, significant developments in trade networks, and changes in governance structures. Contemporary accounts mention a city council, whose actions influenced the course of events, leaving a lasting impact on the people and their traditions. The event is remembered not only for its immediate consequences but also for how it shaped the region's identity in subsequent centuries, influencing art, architecture, and collective memory."
97,-1892,BCE,Islamic Golden Age,Islamic Golden Age: Treaty (1892 BCE),"In 1892 BCE, Islamic Golden Age experienced a well-documented treaty that transformed the region's political, economic, and cultural landscape. This period was characterized by shifting alliances, significant developments in trade networks, and changes in governance structures. Contemporary accounts mention a religious leader, whose actions influenced the course of events, leaving a lasting impact on the people and their traditions. The event is remembered not only for its immediate consequences but also for how it shaped the region's identity in subsequent centuries, influencing art, architecture, and collective memory."
98,-1339,BCE,Khmer Empire,Khmer Empire: Palace Coup (1339 BCE),"In 1339 BCE, Khmer Empire experienced a well-documented palace coup that reshaped the region's political, economic, and cultural landscape. This period was characterized by shifting alliances, significant developments in trade networks, and changes in governance structures. Contemporary accounts mention a city council, whose actions influenced the course of events, leaving a lasting impact on the people and their traditions. The event is remembered not only for its immediate consequences but also for how it shaped the region's identity in subsequent centuries, influencing art, architecture, and collective memory."
99,-336,BCE,Early Modern Europe,Early Modern Europe: Founding Of A City (336 BCE),"In 336 BCE, Early Modern Europe experienced a formative founding of a city that documented the region's political, economic, and cultural landscape. This period was characterized by shifting alliances, significant developments in trade networks, and changes in governance structures. Contemporary accounts mention a local ruler, whose actions influenced the course of events, leaving a lasting impact on the people and their traditions. The event is remembered not only for its immediate consequences but also for how it shaped the region's identity in subsequent centuries, influencing art, architecture, and collective memory."
100,717,CE,Songhai Empire,Songhai Empire: Invention (717 CE),"In 717 CE, Songhai Empire experienced a far-reaching invention that codified the region's political, economic, and cultural landscape. This period was characterized by shifting alliances, significant developments in trade networks, and changes in governance structures. Contemporary accounts mention a local ruler, whose actions influenced the course of events, leaving a lasting impact on the people and their traditions. The event is remembered not only for its immediate consequences but also for how it shaped the region's identity in subsequent centuries, influencing art, architecture, and collective memory."
